Place of interest;Type of place;Place address;BiciMAD station;Station location
Instalación Deportiva  Básica Embalse de San Juan;Instalación deportiva;Calle Embalse De San Juan 1;Pavones;Calle Hacienda de Pavones nº 342
Instalación Deportiva Básica Alto del Retiro;Instalación deportiva;Calle Alto Del Retiro 13 C/V Calle Antonio Gades;Pavones;Calle Hacienda de Pavones nº 342
Instalación Deportiva Básica Avenida de Cerro Milano;Instalación deportiva;Avenida Cerro Milano 1;Pavones;Calle Hacienda de Pavones nº 342
Instalación Deportiva Básica Avenida de las Suertes;Instalación deportiva;Avenida Avenida De Las Suertes ;Pavones;Calle Hacienda de Pavones nº 342
Instalación Deportiva Básica Avenida del Ensanche de Vallecas;Instalación deportiva;Avenida Ensanche De Vallecas 11;Pavones;Calle Hacienda de Pavones nº 342
Instalación Deportiva Básica Avenida del Mediterráneo;Instalación deportiva;Inst. Deportiva Basica Luis Mitjans ;Valderribas;Calle Doctor Esquerdo nº 191
Instalación Deportiva Básica Camino de la Suerte;Instalación deportiva;Camino Suerte 25;Pavones;Calle Hacienda de Pavones nº 342
Instalación Deportiva Básica Circuito de Automodelismo;Instalación deportiva;Calle Navamures 2;Pavones;Calle Hacienda de Pavones nº 342
Instalación Deportiva Básica Colonia Vilda;Instalación deportiva;Calle Puentelarra 1 C/V Avda. Sta. Eugenia;Pavones;Calle Hacienda de Pavones nº 342
Instalación Deportiva Básica Eduardo Chillida;Instalación deportiva;Calle Eduardo Chillida 1;Pavones;Calle Hacienda de Pavones nº 342
Instalación Deportiva Básica Jardines de José Luis Sampedro (junto al Centro Cultural Galileo);Instalación deportiva;Jardin Jose Luis Sampedro ;Fernando el Católico;Calle Fernando el Católico nº 19
Instalación Deportiva Básica Jardines del Teniente Alcalde;Instalación deportiva;Calle Jardines Del Teniente Alcalde 49;Canal;Calle José Abascal frente al nº 2
Instalación Deportiva Básica La Unión;Instalación deportiva;Calle Enrique Garcia Alvarez 58 C/V Diego Olivera Victorio, 1;Pavones;Calle Hacienda de Pavones nº 342
Instalación Deportiva Básica Nuestra Señora de la Torre;Instalación deportiva;Travesia Puerto De Reinosa 2;Pavones;Calle Hacienda de Pavones nº 342
Instalación Deportiva Básica P.A.R. Castrillo de Aza;Instalación deportiva;Avenida Santa Eugenia 1;Pavones;Calle Hacienda de Pavones nº 342
Instalación Deportiva Básica Parkour;Instalación deportiva;Avenida La Gavia 39;Pavones;Calle Hacienda de Pavones nº 342
Instalación Deportiva Básica Parque Real de Arganda;Instalación deportiva;Calle Real De Arganda 45;Pavones;Calle Hacienda de Pavones nº 342
Instalación Deportiva Básica Parque Santa Eugenia;Instalación deportiva;Calle Zazuar 12;Pavones;Calle Hacienda de Pavones nº 342
Instalación Deportiva Básica Parque Villa de Vallecas;Instalación deportiva;Calle Puerto De Porzuna 50;Pavones;Calle Hacienda de Pavones nº 342
Instalación Deportiva Básica Parque de Enrique Herreros;Instalación deportiva;Calle Bravo Murillo 49;Canal;Calle José Abascal frente al nº 2
Instalación Deportiva Básica Parque del Cementerio;Instalación deportiva;Calle Montes De Barbanza 15;Pavones;Calle Hacienda de Pavones nº 342
Instalación Deportiva Básica Parroquia Santa Eugenia;Instalación deportiva;"Calle Virgen De Las Vi&Amp;Ntilde;As 15";Pavones;Calle Hacienda de Pavones nº 342
Instalación Deportiva Básica Peñaranda de Bracamonte;Instalación deportiva;Calle Peñaranda De Bracamonte 4;Pavones;Calle Hacienda de Pavones nº 342
Instalación Deportiva Básica Pista de Patinaje;Instalación deportiva;Calle Puerto De Porzuna;Pavones;Calle Hacienda de Pavones nº 342
Instalación Deportiva Básica Poza de la Sal;Instalación deportiva;Calle Poza De La Sal 2;Pavones;Calle Hacienda de Pavones nº 342
Instalación Deportiva Básica Puentelarra;Instalación deportiva;Calle Puentelarra 12;Pavones;Calle Hacienda de Pavones nº 342
Instalación Deportiva Básica Puerto Lumbreras;Instalación deportiva;Inst. Deportiva Basica Poza De La Sal ;Pavones;Calle Hacienda de Pavones nº 342
Instalación Deportiva Básica Rocódromo;Instalación deportiva;Avenida La Gavia 4 C/V Avenida Cerro Milano;Pavones;Calle Hacienda de Pavones nº 342
Instalación Deportiva Básica Sala Municipal de Esgrima;Instalación deportiva;Avenida Filipinas 7;Parque Santander;Calle Santander esquina con Avenida de Filipinas
Instalación Deportiva Básica Santa Eugenia;Instalación deportiva;Calle Cerro De Almodovar 11;Pavones;Calle Hacienda de Pavones nº 342
Instalación Deportiva Básica Skate Real de Arganda;Instalación deportiva;Calle Real De Arganda 49;Pavones;Calle Hacienda de Pavones nº 342
Instalación Deportiva Básica Stela Maris;Instalación deportiva;Calle Peñaranda De Bracamonte 4;Pavones;Calle Hacienda de Pavones nº 342
Instalación Deportiva Municipal Básica Abrantes - Colonia Velázquez;Instalación deportiva;Avenida Abrantes 297;Marqués de Vadillo;Glorieta Marqués de Vadillo nº 9
Instalación Deportiva Municipal Básica Alameda de Osuna I;Instalación deportiva;Calle Balandro 1;Gutierre de Cetina;Calle Gutierre de Cetina nº 77
Instalación Deportiva Municipal Básica Alas;Instalación deportiva;Calle Alas 2;Carlota O’Neill;Calle Carlota O'Neill nº 32
Instalación Deportiva Municipal Básica Albaicín;Instalación deportiva;Calle Albaicin 19 Orcasur;Glorieta de Cádiz;Calle Antonio López nº 129
Instalación Deportiva Municipal Básica Albaida;Instalación deportiva;Calle Albaida S/N Parque De San Blas;Gutierre de Cetina;Calle Gutierre de Cetina nº 77
Instalación Deportiva Municipal Básica Alcalde Martín de Alzaga;Instalación deportiva;Calle Alcalde Martin De Alzaga S/N;Francos Rodríguez;Calle Francos Rodríguez nº 62
Instalación Deportiva Municipal Básica Alerce;Instalación deportiva;Calle Alerce 31 Junto M-40;Glorieta de Cádiz;Calle Antonio López nº 129
Instalación Deportiva Municipal Básica Alfonso XIII;Instalación deportiva;Avenida Alfonso Xiii 136 C/V Santa María Magdalena, 2;Colombia;Calle Colombia nº 7
Instalación Deportiva Municipal Básica Alhaurín;Instalación deportiva;Calle Alhaurin 4;Carlota O’Neill;Calle Carlota O'Neill nº 32
Instalación Deportiva Municipal Básica Alicún;Instalación deportiva;Calle Alicun 24;Chamartín;Calle Rodríguez Jaén nº 40
Instalación Deportiva Municipal Básica Aliseda;Instalación deportiva;Calle Aliseda C/V Real Betis;Marqués de Vadillo;Glorieta Marqués de Vadillo nº 9
Instalación Deportiva Municipal Básica Almudena;Instalación deportiva;Calle Nicolas Salmeron 8;Gutierre de Cetina;Calle Gutierre de Cetina nº 77
Instalación Deportiva Municipal Básica Ambulatorio (El Paraiso);Instalación deportiva;Calle Ajofrin S/N;Gutierre de Cetina;Calle Gutierre de Cetina nº 77
Instalación Deportiva Municipal Básica Americio;Instalación deportiva;Calle Americio S/N;Embajadores 191;Calle Sodio nº 1B
Instalación Deportiva Municipal Básica Ana Tutor;Instalación deportiva;Avenida Cardenal Herrera Oria 216;Pedro Rico;Calle Pedro Rico nº 4
Instalación Deportiva Municipal Básica Andévalo;Instalación deportiva;Calle Andevalo 6 Aparcamiento;Concordia;Calle Arroyo del Olivar nº 6
Instalación Deportiva Municipal Básica Anfevi;Instalación deportiva;Calle Hacienda De Pavones 127 Posterior;Pavones;Calle Hacienda de Pavones nº 342
Instalación Deportiva Municipal Básica Aniceto Marinas;Instalación deportiva;Calle Aniceto Marinas 106;INEF;Avenida Juan de Herrera frente a la calle Paul Guinard
Instalación Deportiva Municipal Básica Antonio Machado;Instalación deportiva;Calle Antonio Machado 14 Posterior;Francos Rodríguez;Calle Francos Rodríguez nº 62
Instalación Deportiva Municipal Básica Antonio Pirala;Instalación deportiva;Calle Antonio Pirala S/N;Puente de Ventas;Avenida de Daroca nº 2
Instalación Deportiva Municipal Básica Arcaute;Instalación deportiva;Avenida Invierno 1;Gutierre de Cetina;Calle Gutierre de Cetina nº 77
Instalación Deportiva Municipal Básica Arcos de Jalón;Instalación deportiva;Calle Arcos De Jalon S/N C/V Albericia;Gutierre de Cetina;Calle Gutierre de Cetina nº 77
Instalación Deportiva Municipal Básica Arequipa;Instalación deportiva;Calle Arequipa 12;Carlota O’Neill;Calle Carlota O'Neill nº 32
Instalación Deportiva Municipal Básica Arganda;Instalación deportiva;Calle Arganda 10;Madrid Río-Yeserías;Paseo de Yeserías nº 45
Instalación Deportiva Municipal Básica Arjona;Instalación deportiva;Calle Concejal Francisco Jose Jimenez Martin 11;Caramuel;Calle Caramuel nº 51
Instalación Deportiva Municipal Básica Arriaga;Instalación deportiva;Avenida Daroca 95;Gutierre de Cetina;Calle Gutierre de Cetina nº 77
Instalación Deportiva Municipal Básica Arroyo Belincoso;Instalación deportiva;Avenida Doctor Garcia Tapia 76 C/V Calle Arroyo Belincoso;Plaza del Encuentro;Calle Arroyo de las Pilillas nº 6
Instalación Deportiva Municipal Básica Arroyo Fontarrón;Instalación deportiva;Calle Arroyo Fontarron 381;Pavones;Calle Hacienda de Pavones nº 342
Instalación Deportiva Municipal Básica Arroyo Media Legua;Instalación deportiva;Inst. Deportiva Basica Arroyo De La Media Legua ;Marqués de Corbera 52;Avenida Marqués de Corbera nº 52
Instalación Deportiva Municipal Básica Arroyo de Opañel;Instalación deportiva;Calle Arroyo Opañel 12;Marqués de Vadillo;Glorieta Marqués de Vadillo nº 9
Instalación Deportiva Municipal Básica Aster;Instalación deportiva;Avenida Aster 54 Posterior;Colombia;Calle Colombia nº 7
Instalación Deportiva Municipal Básica Auditorio de Chamartín;Instalación deportiva;Plaza Joaquin Rodrigo 1;María Francisca 1;Calle María Francisca nº 1
Instalación Deportiva Municipal Básica Auditorio de Moratalaz;Instalación deportiva;Calle Hacienda De Pavones 209;Pavones;Calle Hacienda de Pavones nº 342
Instalación Deportiva Municipal Básica Avenida Moratalaz M-30;Instalación deportiva;Calle Ramon Areces 1 Frente Avda. Moratalaz, 13;Camino Vinateros;Calle Camino de los Vinateros nº 28
Instalación Deportiva Municipal Básica Avenida San Luis I;Instalación deportiva;Avenida San Luis (Frente Al Nº 86);Pío XII;Avenida Pío XII nº 3
Instalación Deportiva Municipal Básica Avenida de Burgos;Instalación deportiva;Avenida Burgos 18;Chamartín;Calle Rodríguez Jaén nº 40
Instalación Deportiva Municipal Básica Ayacucho;Instalación deportiva;Calle Nevado Del Ruiz 2;Carlota O’Neill;Calle Carlota O'Neill nº 32
Instalación Deportiva Municipal Básica Bacares;Instalación deportiva;Calle Bacares 9;Pío XII;Avenida Pío XII nº 3
Instalación Deportiva Municipal Básica Bacares (fútbol);Instalación deportiva;Calle Bacares 27;Chamartín;Calle Rodríguez Jaén nº 40
Instalación Deportiva Municipal Básica Bahía de Santander II;Instalación deportiva;Calle Bahia De Santander 64;Gutierre de Cetina;Calle Gutierre de Cetina nº 77
Instalación Deportiva Municipal Básica Barceló;Instalación deportiva;Plaza Barcelo S/N;Barceló;Calle Barceló nº 7
Instalación Deportiva Municipal Básica Barrio El Querol - Spartak de Manoteras;Instalación deportiva;Calle Tijola 1;Manuel Caldeiro;Paseo de la Castellana nº 298
Instalación Deportiva Municipal Básica Barrio Goya;Instalación deportiva;Calle Sepulveda 9;Caramuel;Calle Caramuel nº 51
Instalación Deportiva Municipal Básica Barrio IV;Instalación deportiva;Calle Luis De Hoyos Sainz 150;Pavones;Calle Hacienda de Pavones nº 342
Instalación Deportiva Municipal Básica Barrio de Las Cárcavas;Instalación deportiva;Camino Montoro 4;Carlota O’Neill;Calle Carlota O'Neill nº 32
Instalación Deportiva Municipal Básica Barrio de Santa Ana - Andrés Navarrete;Instalación deportiva;Calle Hospitalet De Llobregat 11;Pedro Rico;Calle Pedro Rico nº 4
Instalación Deportiva Municipal Básica Barrio del Aeropuerto;Instalación deportiva;Calle Medina De Pomar 14;Gutierre de Cetina;Calle Gutierre de Cetina nº 77
Instalación Deportiva Municipal Básica Baterías - Barrio Alegría;Instalación deportiva;Calle Juan Pérez Zúñiga S/N Baterías, 2;Carlota O’Neill;Calle Carlota O'Neill nº 32
Instalación Deportiva Municipal Básica Belzunegui;Instalación deportiva;Calle Belzunegui  C/V Berrioplana;Marqués de Vadillo;Glorieta Marqués de Vadillo nº 9
Instalación Deportiva Municipal Básica Bolera de la Mancha;Instalación deportiva;Calle Tomelloso 21 Próximo A La Av. De Córdoba (P.D. Almendral);Glorieta de Cádiz;Calle Antonio López nº 129
Instalación Deportiva Municipal Básica Boston;Instalación deportiva;Calle Boston 1;Camilo José Cela;Avenida de Camilo José Cela nº 23
Instalación Deportiva Municipal Básica Brasil - General Yagüe;Instalación deportiva;Avenida Brasil 19 C/V C/ General Yagüe;San Germán 5;Calle San Germán nº 5
Instalación Deportiva Municipal Básica Briviesca;Instalación deportiva;Calle Briviesca 4;Manuel Caldeiro;Paseo de la Castellana nº 298
Instalación Deportiva Municipal Básica Brujas;Instalación deportiva;Calle Brujas 32 Esquina C/ Hacienda De Pavones;Pavones;Calle Hacienda de Pavones nº 342
Instalación Deportiva Municipal Básica Brunete;Instalación deportiva;Calle Brunete 1;Facultad Derecho;Avenida Complutense nº 23
Instalación Deportiva Municipal Básica Bucaramanga;Instalación deportiva;Avenida Bucaramanga  C/V Mar Adriático;Carlota O’Neill;Calle Carlota O'Neill nº 32
Instalación Deportiva Municipal Básica Burgo de Osma;Instalación deportiva;Calle Burgo De Osma 5;Pío XII;Avenida Pío XII nº 3
Instalación Deportiva Municipal Básica C. F. Nuestra Señora del Buen Camino;Instalación deportiva;Glorieta Rio Zancara 1;Facultad Derecho;Avenida Complutense nº 23
Instalación Deportiva Municipal Básica Calanda;Instalación deportiva;Calle Calanda 30;Carlota O’Neill;Calle Carlota O'Neill nº 32
Instalación Deportiva Municipal Básica Caleruega;Instalación deportiva;Calle Caleruega 52;Manuel Caldeiro;Paseo de la Castellana nº 298
Instalación Deportiva Municipal Básica Camino Viejo de Leganés;Instalación deportiva;Calle Camino Viejo De Leganes S/N Carrero Juan Ramón;Marqués de Vadillo;Glorieta Marqués de Vadillo nº 9
Instalación Deportiva Municipal Básica Campo Aragón;Instalación deportiva;Avenida Rafael Alberti 2;Pavones;Calle Hacienda de Pavones nº 342
Instalación Deportiva Municipal Básica Campo Fútbol Puerta Bonita;Instalación deportiva;Calle General Ricardos 166;Marqués de Vadillo;Glorieta Marqués de Vadillo nº 9
Instalación Deportiva Municipal Básica Campo de Fútbol Rodríguez Sahagún;Instalación deportiva;Calle Capitan Blanco Argibay S/N C/V Cº Del Chorrillo;Francos Rodríguez;Calle Francos Rodríguez nº 62
Instalación Deportiva Municipal Básica Campo de Fútbol San Martín de Porres;Instalación deportiva;Paseo Ermita Del Santo S/N Parque De San Isidro;Caramuel;Calle Caramuel nº 51
Instalación Deportiva Municipal Básica Campo de Fútbol Tierra;Instalación deportiva;Avenida Doctor Garcia Tapia 113;Marroquina;Calle Camino de los Vinateros nº 108
Instalación Deportiva Municipal Básica Campo de fútbol Orcasitas;Instalación deportiva;Avenida Rafaela Ybarra 119;Glorieta de Cádiz;Calle Antonio López nº 129
Instalación Deportiva Municipal Básica Canal de Panamá;Instalación deportiva;Calle Canal De Panama S/N;Derechos Humanos;Calle Derechos Humanos nº 12
Instalación Deportiva Municipal Básica Canillas - Club Deportivo Canillas;Instalación deportiva;Calle Agustin De Iturbide 1;Carlota O’Neill;Calle Carlota O'Neill nº 32
Instalación Deportiva Municipal Básica Carlos II;Instalación deportiva;Calle Carlos Ii 4 Con Austria, 5;Gutierre de Cetina;Calle Gutierre de Cetina nº 77
Instalación Deportiva Municipal Básica Carlos Solé;Instalación deportiva;Calle Carlos Sole 19;Sierra Toledana;Camino de Valderribas nº 94
Instalación Deportiva Municipal Básica Carmen Amaya;Instalación deportiva;Avenida Doctor Garcia Tapia 28-30;Plaza del Encuentro;Calle Arroyo de las Pilillas nº 6
Instalación Deportiva Municipal Básica Caronte;Instalación deportiva;Calle Caronte 4;Marqués de Vadillo;Glorieta Marqués de Vadillo nº 9
Instalación Deportiva Municipal Básica Carril del Conde;Instalación deportiva;Calle Carril Del Conde Frente Nº 57 C/V Puerto Real;Condesa de Venadito;Calle Condesa de Venadito nº 2
Instalación Deportiva Municipal Básica Carrión de los Condes;Instalación deportiva;Plaza Templarios 4;Pío XII;Avenida Pío XII nº 3
Instalación Deportiva Municipal Básica Casa Campo;Instalación deportiva;Parque Casa De Campo S/N Explanada De La Casa De Campo;Puerta del Ángel;Plaza Puerta del Ángel nº 4
Instalación Deportiva Municipal Básica Casa Campo I Lago;Instalación deportiva;Parque Casa De Campo S/N Explanada Junto Al Lago;Puerta del Ángel;Plaza Puerta del Ángel nº 4
Instalación Deportiva Municipal Básica Casa Campo II Teleférico;Instalación deportiva;Parque Casa De Campo S/N Subida Al Teleférico-Pza. Casón;Puerta del Ángel;Plaza Puerta del Ángel nº 4
Instalación Deportiva Municipal Básica Casa Campo III;Instalación deportiva;Parque Casa Campo S/N Paseo Piñoneros - Junto A Pirámide;Paseo de Moret;Paseo de Moret nº 11
Instalación Deportiva Municipal Básica Casa Campo IV;Instalación deportiva;Parque Casa Campo S/N Junto A La M-30 A La Altura Del C.D.M. José María Cagigal;INEF;Avenida Juan de Herrera frente a la calle Paul Guinard
Instalación Deportiva Municipal Básica Casalarreina;Instalación deportiva;Calle Casalarreina 28;Pavones;Calle Hacienda de Pavones nº 342
Instalación Deportiva Municipal Básica Casino de la Reina;Instalación deportiva;Calle Casino 3;Embajadores 2;Glorieta de Embajadores nº 2
Instalación Deportiva Municipal Básica Castroserna;Instalación deportiva;Calle Castroserna 2;Caramuel;Calle Caramuel nº 51
Instalación Deportiva Municipal Básica Cazorla;Instalación deportiva;Calle Campillo De Arenas 3 C/V Calle Cazorla - C/V Calle Ibros, 3;Concordia;Calle Arroyo del Olivar nº 6
Instalación Deportiva Municipal Básica Cementerio Civil;Instalación deportiva;Avenida Daroca 101;Gutierre de Cetina;Calle Gutierre de Cetina nº 77
Instalación Deportiva Municipal Básica Cerro Blanco;Instalación deportiva;Calle Albardin 7 C/V Cerro Blanco, 30;San Delfín;Calle San Delfín nº 9
Instalación Deportiva Municipal Básica Cerro Cabezuelos;Instalación deportiva;Calle Villalobos 46;Concordia;Calle Arroyo del Olivar nº 6
Instalación Deportiva Municipal Básica Cerro Negro;Instalación deportiva;Calle Cerro Negro 5;Puente de Vallecas;Avenida de la Albufera nº 6
Instalación Deportiva Municipal Básica Circuito Natural Footing Retiro;Instalación deportiva;Parque El Retiro ;Antonio Maura;Calle Antonio Maura nº 15
Instalación Deportiva Municipal Básica Circuito de Footing Casa de Campo;Instalación deportiva;Parque Casa De Campo ;Puerta del Ángel;Plaza Puerta del Ángel nº 4
Instalación Deportiva Municipal Básica Ciudad Pegaso I;Instalación deportiva;Calle Uno S/N;Gutierre de Cetina;Calle Gutierre de Cetina nº 77
Instalación Deportiva Municipal Básica Ciudad Pegaso II;Instalación deportiva;Calle Seis S/N;Gutierre de Cetina;Calle Gutierre de Cetina nº 77
Instalación Deportiva Municipal Básica Ciudad Pegaso III;Instalación deportiva;Calle Once S/N;Gutierre de Cetina;Calle Gutierre de Cetina nº 77
Instalación Deportiva Municipal Básica Ciudad de Los Ángeles;Instalación deportiva;Calle Anoeta S/N Parque Ciudad De Los Ángeles;Glorieta de Cádiz;Calle Antonio López nº 129
Instalación Deportiva Municipal Básica Clara del Rey;Instalación deportiva;Calle Clara Del Rey 61;Corazón de María;Calle Santa Hortensia nº 31
Instalación Deportiva Municipal Básica Club Deportivo Alzola;Instalación deportiva;Calle Segura 74 C/V Gainza, 22;Glorieta de Cádiz;Calle Antonio López nº 129
Instalación Deportiva Municipal Básica Club de Petanca Esperanza de Canilllas;Instalación deportiva;Calle Silvano 63 C/V Andorra;Carlota O’Neill;Calle Carlota O'Neill nº 32
Instalación Deportiva Municipal Básica Club de Petanca Peonias;Instalación deportiva;Calle Peonias 2;Gutierre de Cetina;Calle Gutierre de Cetina nº 77
Instalación Deportiva Municipal Básica Cocheras (Ciudad Lineal);Instalación deportiva;Calle San Lamberto S/N;Marqués de Corbera 52;Avenida Marqués de Corbera nº 52
Instalación Deportiva Municipal Básica Cocheras (Retiro);Instalación deportiva;Calle Cocheras 1;Pedro Bosch;Calle Cerro de la Plata nº 2
Instalación Deportiva Municipal Básica Colombia;Instalación deportiva;Calle Colombia 59;Colombia;Calle Colombia nº 7
Instalación Deportiva Municipal Básica Colonia Euskalduna;Instalación deportiva;Calle Hermandad De Donantes De Sangre 7;Glorieta de Cádiz;Calle Antonio López nº 129
Instalación Deportiva Municipal Básica Colonia Marconi;Instalación deportiva;Avenida Marconi S/N;Embajadores 191;Calle Sodio nº 1B
Instalación Deportiva Municipal Básica Colonia San Cristóbal de Los Ángeles;Instalación deportiva;Calle Rocafort S/N Detrás De E. I. Los Pinos.;Embajadores 191;Calle Sodio nº 1B
Instalación Deportiva Municipal Básica Colonia Sierra del Valle;Instalación deportiva;Calle Payaso Fofo 7;Concordia;Calle Arroyo del Olivar nº 6
Instalación Deportiva Municipal Básica Colonia los Taxistas;Instalación deportiva;Calle Sierra De Cuerda Larga 41, 43, 45 Y 47;Sierra Toledana;Camino de Valderribas nº 94
Instalación Deportiva Municipal Básica Concejal Gabriel Fernández (Parque Cuña Verde);Instalación deportiva;Calle Cuart De Poblet 6 C/V Duquesa De Parcent;Caramuel;Calle Caramuel nº 51
Instalación Deportiva Municipal Básica Conde Duque;Instalación deportiva;Calle Santa Cruz De Marcenado 21;Conde Duque;Calle Conde Duque nº 22
Instalación Deportiva Municipal Básica Condesa de Venadito;Instalación deportiva;Calle Condesa De Venadito 7;Carlota O’Neill;Calle Carlota O'Neill nº 32
Instalación Deportiva Municipal Básica Cordel de Pavones;Instalación deportiva;Calle Cordel De Pavones 11;Pavones;Calle Hacienda de Pavones nº 342
Instalación Deportiva Municipal Básica Cordel de Pavones I;Instalación deportiva;Calle Cordel De Pavones 9;Pavones;Calle Hacienda de Pavones nº 342
Instalación Deportiva Municipal Básica Corregidor Diego de Valderrábano;Instalación deportiva;Calle Corregidor Diego De Valderrabano 24;Camino Vinateros;Calle Camino de los Vinateros nº 28
Instalación Deportiva Municipal Básica Cuevas de Almanzora;Instalación deportiva;Calle Mojacar 2;Pío XII;Avenida Pío XII nº 3
Instalación Deportiva Municipal Básica Cuña Verde;Instalación deportiva;Inst. Deportiva Basica Cuña Verde Villaamil 126;Francos Rodríguez;Calle Francos Rodríguez nº 62
Instalación Deportiva Municipal Básica Cárcavas Oeste I;Instalación deportiva;Calle Carmen Rico Godoy 40;Carlota O’Neill;Calle Carlota O'Neill nº 32
Instalación Deportiva Municipal Básica Cárcavas Oeste II;Instalación deportiva;Calle San Andres De Rabanedo 1;Carlota O’Neill;Calle Carlota O'Neill nº 32
Instalación Deportiva Municipal Básica David González Rubio;Instalación deportiva;Calle Doctor Tolosa Latour 6-10 Parque Pradolongo;Glorieta de Cádiz;Calle Antonio López nº 129
Instalación Deportiva Municipal Básica Dehesa del Príncipe;Instalación deportiva;Avenida Arqueros 29;Caramuel;Calle Caramuel nº 51
Instalación Deportiva Municipal Básica Diana;Instalación deportiva;Calle Galeon 25;Gutierre de Cetina;Calle Gutierre de Cetina nº 77
Instalación Deportiva Municipal Básica Doctor Cirajas;Instalación deportiva;Calle Doctor Cirajas 3;Gutierre de Cetina;Calle Gutierre de Cetina nº 77
Instalación Deportiva Municipal Básica Doctor Vallejo-Nájera;Instalación deportiva;Calle Gasometro 32 C/V Vallejo Nájera;Paseo de la Esperanza;Paseo de la Esperanza nº 2
Instalación Deportiva Municipal Básica Drácena;Instalación deportiva;Calle Dracena 42;Pío XII;Avenida Pío XII nº 3
Instalación Deportiva Municipal Básica Duque de Sevilla;Instalación deportiva;Calle Duque De Sevilla 1;María Francisca 1;Calle María Francisca nº 1
Instalación Deportiva Municipal Básica Echegaray;Instalación deportiva;Calle Encomienda De Palacios 324;Pavones;Calle Hacienda de Pavones nº 342
Instalación Deportiva Municipal Básica El Bosco;Instalación deportiva;Calle El Bosco 14 Frente Ramón Pérez De Ayala;Plaza del Encuentro;Calle Arroyo de las Pilillas nº 6
Instalación Deportiva Municipal Básica El Bosque;Instalación deportiva;Plaza Golmayo 17;Pío XII;Avenida Pío XII nº 3
Instalación Deportiva Municipal Básica El Capricho I;Instalación deportiva;Paseo Alameda De Osuna 48;Gutierre de Cetina;Calle Gutierre de Cetina nº 77
Instalación Deportiva Municipal Básica El Capricho II;Instalación deportiva;Paseo Alameda De Osuna 46;Gutierre de Cetina;Calle Gutierre de Cetina nº 77
Instalación Deportiva Municipal Básica El Cruce;Instalación deportiva;Calle Santiago Amon 6Y8;Embajadores 191;Calle Sodio nº 1B
Instalación Deportiva Municipal Básica El Espinillo I;Instalación deportiva;Calle Tertulia 7;Embajadores 191;Calle Sodio nº 1B
Instalación Deportiva Municipal Básica El Espinillo II;Instalación deportiva;Calle Consenso 5;Embajadores 191;Calle Sodio nº 1B
Instalación Deportiva Municipal Básica El Espinillo III;Instalación deportiva;Calle Unanimidad S/N;Embajadores 191;Calle Sodio nº 1B
Instalación Deportiva Municipal Básica El Parque;Instalación deportiva;Paseo Comandante Fortea 25;Paseo de Moret;Paseo de Moret nº 11
Instalación Deportiva Municipal Básica El Pedernoso - Parque de Villa Rosa - Paco Caño;Instalación deportiva;Calle Pedroñeras 42;Carlota O’Neill;Calle Carlota O'Neill nº 32
Instalación Deportiva Municipal Básica El Plantío;Instalación deportiva;Calle Rafael Villa S/N Esq. Carlos Dubois;Facultad Derecho;Avenida Complutense nº 23
Instalación Deportiva Municipal Básica El Torero;Instalación deportiva;Calle Torero 10 C/V Antonio López (Parque El Torero);San Delfín;Calle San Delfín nº 9
Instalación Deportiva Municipal Básica El Vandel;Instalación deportiva;Calle Florencio Cano Cristobal 9 Esq. Pasaje Poveda;Pavones;Calle Hacienda de Pavones nº 342
Instalación Deportiva Municipal Básica Electra;Instalación deportiva;Calle Cronos 65;Gutierre de Cetina;Calle Gutierre de Cetina nº 77
Instalación Deportiva Municipal Básica Enrique Tierno Galván;Instalación deportiva;Parque Enrique Tierno Galvan ;Juan Martín;Calle Juan Martín el Empecinado nº 16
Instalación Deportiva Municipal Básica Eros;Instalación deportiva;Calle Eros 6;Méndez Álvaro;Calle Retama nº 5
Instalación Deportiva Municipal Básica Esfinge;Instalación deportiva;Calle Esfinge 60 C/V Circe;Gutierre de Cetina;Calle Gutierre de Cetina nº 77
Instalación Deportiva Municipal Básica Esperanza I - Club Virgen de la Esperanza;Instalación deportiva;Calle Silvano 65;Carlota O’Neill;Calle Carlota O'Neill nº 32
Instalación Deportiva Municipal Básica Esperanza II;Instalación deportiva;Calle Silvano 61;Carlota O’Neill;Calle Carlota O'Neill nº 32
Instalación Deportiva Municipal Básica Estanque de las Tormentas;Instalación deportiva;Calle Arroyo De Pozuelo S/N;Facultad Derecho;Avenida Complutense nº 23
Instalación Deportiva Municipal Básica Estefanita;Instalación deportiva;Calle Estefanita 7 Detrás Del Ceip El Greco;Embajadores 191;Calle Sodio nº 1B
Instalación Deportiva Municipal Básica Estíbaliz;Instalación deportiva;Calle Estibaliz 30;Carlota O’Neill;Calle Carlota O'Neill nº 32
Instalación Deportiva Municipal Básica Euterpe;Instalación deportiva;Calle Euterpe 1;Gutierre de Cetina;Calle Gutierre de Cetina nº 77
Instalación Deportiva Municipal Básica Eva Duarte;Instalación deportiva;Calle Doctor Gomez Ulla 9;Ortega y Gasset 87;Calle Ortega y Gasset nº 87
Instalación Deportiva Municipal Básica Evangelios-Almendrales;Instalación deportiva;Calle Evangelios 4;Glorieta de Cádiz;Calle Antonio López nº 129
Instalación Deportiva Municipal Básica Fermín Caballero;Instalación deportiva;Calle Fermin Caballero 88;Francos Rodríguez;Calle Francos Rodríguez nº 62
Instalación Deportiva Municipal Básica Francisco Laguna;Instalación deportiva;Calle Francisco Laguna 26;Concordia;Calle Arroyo del Olivar nº 6
Instalación Deportiva Municipal Básica Frontón Orcasitas;Instalación deportiva;Avenida Rafaela Ybarra 103 Parque De Orcasitas;Glorieta de Cádiz;Calle Antonio López nº 129
Instalación Deportiva Municipal Básica Frontón Polideportivo San Fermín;Instalación deportiva;Calle Estafeta 2 C/V Calle San Mario, 18;Embajadores 191;Calle Sodio nº 1B
Instalación Deportiva Municipal Básica Frontón San Fermín;Instalación deportiva;Camino Perales 136 C/V Calle De Torrox;Embajadores 191;Calle Sodio nº 1B
Instalación Deportiva Municipal Básica Frontón Tudelillas;Instalación deportiva;Avenida Pablo Iglesias 62;Pablo Iglesias;Calle Francisco Balseiro nº 1
Instalación Deportiva Municipal Básica Fuente Espina;Instalación deportiva;Calle Fuentespina 29;Pavones;Calle Hacienda de Pavones nº 342
Instalación Deportiva Municipal Básica Fuente de Lima;Instalación deportiva;Calle Fuente De Lima 24;Caramuel;Calle Caramuel nº 51
Instalación Deportiva Municipal Básica Fuerte de Navidad;Instalación deportiva;Calle Fuerte De Navidad  C/V La Isabela;Caramuel;Calle Caramuel nº 51
Instalación Deportiva Municipal Básica Félix Rodríguez de la Fuente;Instalación deportiva;Calle Felix Rodriguez De La Fuente 3;Camino Vinateros;Calle Camino de los Vinateros nº 28
Instalación Deportiva Municipal Básica Galeón;Instalación deportiva;Calle Galeon 3;Gutierre de Cetina;Calle Gutierre de Cetina nº 77
Instalación Deportiva Municipal Básica Garrovillas;Instalación deportiva;Plaza Garrovillas S/N;Caramuel;Calle Caramuel nº 51
Instalación Deportiva Municipal Básica General Millán Astray;Instalación deportiva;Calle Maestra Justa Freire 2;Caramuel;Calle Caramuel nº 51
Instalación Deportiva Municipal Básica Glorieta Avenida San Luis;Instalación deportiva;Calle Añastro 78;Pío XII;Avenida Pío XII nº 3
Instalación Deportiva Municipal Básica Glorieta de Segovia;Instalación deportiva;Paseo Ciudad De Plasencia ;Segovia 26;Calle Segovia nº 26
Instalación Deportiva Municipal Básica Gran Vía de Hortaleza;Instalación deportiva;Avenida Gran Via De Hortaleza 1;Pío XII;Avenida Pío XII nº 3
Instalación Deportiva Municipal Básica Guadalajara;Instalación deportiva;Avenida Guadalajara S/N;Gutierre de Cetina;Calle Gutierre de Cetina nº 77
Instalación Deportiva Municipal Básica Hermanos Trueba;Instalación deportiva;Calle Hermanos Trueba 30;Concordia;Calle Arroyo del Olivar nº 6
Instalación Deportiva Municipal Básica Hogar del Ferroviario;Instalación deportiva;Avenida Mediterraneo S/N Colonia Ferroviarios, Frente A Manuel Mª Arrillaga, 51;Doctor Lozano;Calle Sierra Toledana nº 33
Instalación Deportiva Municipal Básica Hornero;Instalación deportiva;Calle Hornero 1;Marqués de Vadillo;Glorieta Marqués de Vadillo nº 9
Instalación Deportiva Municipal Básica Huerta de la Salud;Instalación deportiva;Calle Alcobendas 3;Carlota O’Neill;Calle Carlota O'Neill nº 32
Instalación Deportiva Municipal Básica Illescas;Instalación deportiva;Calle Illescas  C/V Pº Extremadura;Caramuel;Calle Caramuel nº 51
Instalación Deportiva Municipal Básica Imagen;Instalación deportiva;Calle Imagen 23;Concordia;Calle Arroyo del Olivar nº 6
Instalación Deportiva Municipal Básica Isabel Patacón;Instalación deportiva;Calle Isabel Patacon S/N Barrio De Buenavista;Marqués de Vadillo;Glorieta Marqués de Vadillo nº 9
Instalación Deportiva Municipal Básica Isla de Tabarca;Instalación deportiva;Calle Santiago De Compostela 104 C/V Isla De Tabarca;Francos Rodríguez;Calle Francos Rodríguez nº 62
Instalación Deportiva Municipal Básica Iván de Vargas;Instalación deportiva;Travesia Ivan De Vargas 4;Ermita Santo;Paseo de la Ermita del Santo nº 48
Instalación Deportiva Municipal Básica Jacinto Verdaguer;Instalación deportiva;Calle Jacinto Verdaguer 17;Marqués de Vadillo;Glorieta Marqués de Vadillo nº 9
Instalación Deportiva Municipal Básica Jardines Alhambra;Instalación deportiva;Calle Alhambra  C/V Carlos Fuentes;Caramuel;Calle Caramuel nº 51
Instalación Deportiva Municipal Básica Jardines General Fanjul;Instalación deportiva;Avenida Las Aguilas ;Caramuel;Calle Caramuel nº 51
Instalación Deportiva Municipal Básica Jardines Vía Carpetana;Instalación deportiva;Calle Via Carpetana S/N C/V Laguna;Caramuel;Calle Caramuel nº 51
Instalación Deportiva Municipal Básica Jardines de Bucaramanga;Instalación deportiva;Avenida Bucaramanga 2;Carlota O’Neill;Calle Carlota O'Neill nº 32
Instalación Deportiva Municipal Básica Jardín Canarias;Instalación deportiva;Calle Canarias 19;Palos de la Frontera;Calle Palos de la Frontera nº 27
Instalación Deportiva Municipal Básica Jardín Papelera Peninsular;Instalación deportiva;Calle Arganda 3;Madrid Río-Yeserías;Paseo de Yeserías nº 45
Instalación Deportiva Municipal Básica Jardín de Portugalete;Instalación deportiva;Calle Ulises 23;Carlota O’Neill;Calle Carlota O'Neill nº 32
Instalación Deportiva Municipal Básica Jazmin;Instalación deportiva;Calle Jazmin 36;Chamartín;Calle Rodríguez Jaén nº 40
Instalación Deportiva Municipal Básica Jesús Aprendiz;Instalación deportiva;Calle Antonio Diaz-Cañabate 9 C/V Arias Montano;Niño Jesús;Calle Doctor Esquerdo nº 161
Instalación Deportiva Municipal Básica Jesús Divino Obrero;Instalación deportiva;Calle Humanes S/N C/V Tossa;Plaza del Encuentro;Calle Arroyo de las Pilillas nº 6
Instalación Deportiva Municipal Básica Joaquín Ibarra;Instalación deportiva;Calle Joaquin Ibarra S/N Frente Al Nº 24;Gutierre de Cetina;Calle Gutierre de Cetina nº 77
Instalación Deportiva Municipal Básica José Durán;Instalación deportiva;Avenida Parque De Palomeras Bajas 10;Concordia;Calle Arroyo del Olivar nº 6
Instalación Deportiva Municipal Básica José de Cadalso;Instalación deportiva;Calle Jose De Cadalso  C/V General Romero Basart;Caramuel;Calle Caramuel nº 51
Instalación Deportiva Municipal Básica José de Pasamonte;Instalación deportiva;Avenida Doctor Garcia Tapia 51;Marroquina;Calle Camino de los Vinateros nº 108
Instalación Deportiva Municipal Básica Juan Clemente Núñez;Instalación deportiva;"Calle Juan Clemente Nu&Amp;Ntilde;Ez 1";Carlota O’Neill;Calle Carlota O'Neill nº 32
Instalación Deportiva Municipal Básica Juan de Mariana;Instalación deportiva;Calle Juan De Mariana 8;Juan Martín;Calle Juan Martín el Empecinado nº 16
Instalación Deportiva Municipal Básica Juan de Vera;Instalación deportiva;Plaza Casar De Caceres  (Juan De Vera - Batalla De Belchite);Paseo de las Delicias;Paseo de las Delicias nº 92
Instalación Deportiva Municipal Básica Julián González;Instalación deportiva;Calle Julian Gonzalez 4;Marqués de Vadillo;Glorieta Marqués de Vadillo nº 9
Instalación Deportiva Municipal Básica La Cabrera;Instalación deportiva;Calle La Cabrera 33;Francos Rodríguez;Calle Francos Rodríguez nº 62
Instalación Deportiva Municipal Básica La Chimenea;Instalación deportiva;Calle Vallandes 5 C/V Hermenegildo Bielsa Y Calesas;Antonio López;Calle Eugenio Caxes frente al nº 12
Instalación Deportiva Municipal Básica La Chopera;Instalación deportiva;Calle Escultor Peresejo 86;Facultad Derecho;Avenida Complutense nº 23
Instalación Deportiva Municipal Básica La Diligencia;Instalación deportiva;Calle Dilgencia 7 C/V Calle Puerto Velate;Concordia;Calle Arroyo del Olivar nº 6
Instalación Deportiva Municipal Básica La Masó;Instalación deportiva;Calle La Maso 34 C/V Collado De Cerro Malejo;Pedro Rico;Calle Pedro Rico nº 4
Instalación Deportiva Municipal Básica La Perla;Instalación deportiva;Calle Corindon 3;Embajadores 191;Calle Sodio nº 1B
Instalación Deportiva Municipal Básica Las Rosas;Instalación deportiva;Avenida Niza S/N;Gutierre de Cetina;Calle Gutierre de Cetina nº 77
Instalación Deportiva Municipal Básica Las Vistillas;Instalación deportiva;Plaza Gabriel Miro ;Segovia 26;Calle Segovia nº 26
Instalación Deportiva Municipal Básica Lili Alvarez;Instalación deportiva;Calle La Riviera 4 C/V Calle Provenza, 3 Cañón Río Lobos;Pavones;Calle Hacienda de Pavones nº 342
Instalación Deportiva Municipal Básica Lonja de la Seda;Instalación deportiva;Calle Lonja De La Seda 32 Parc. 2.1 Del P.A.U. De Carabanchel;Caramuel;Calle Caramuel nº 51
Instalación Deportiva Municipal Básica Los Arbolitos;Instalación deportiva;Ronda Sur S/N Frente C/ Serena;Concordia;Calle Arroyo del Olivar nº 6
Instalación Deportiva Municipal Básica Los Caprichos;Instalación deportiva;Avenida Caprichos 1;Caramuel;Calle Caramuel nº 51
Instalación Deportiva Municipal Básica Los Coronales;Instalación deportiva;Calle Bahia De Malaga 5;Carlota O’Neill;Calle Carlota O'Neill nº 32
Instalación Deportiva Municipal Básica Los Cármenes;Instalación deportiva;Calle Alhambra 35;Caramuel;Calle Caramuel nº 51
Instalación Deportiva Municipal Básica Los Llanos;Instalación deportiva;Calle Florencio Castillo 3;Carlota O’Neill;Calle Carlota O'Neill nº 32
Instalación Deportiva Municipal Básica Los Morales;Instalación deportiva;Calle Morales 31 Parc. 3.16.2 Del P.A.U. De Carabanchel;Caramuel;Calle Caramuel nº 51
Instalación Deportiva Municipal Básica Los Morales - Patrimonio Humanidad I;Instalación deportiva;Calle Patrimonio De La Humanidad 37 Parc. 3.10.4 Del P.A.U. De Carabanchel;Caramuel;Calle Caramuel nº 51
Instalación Deportiva Municipal Básica Los Morales - Patrimonio Humanidad II;Instalación deportiva;Calle Morales  C/ Patrimonio De La Humanidad, 27. Parc. 3.11.3 Del P.A.U. De Carabanchel;Caramuel;Calle Caramuel nº 51
Instalación Deportiva Municipal Básica Los Poblados;Instalación deportiva;Avenida Poblados  C/V Antig. Carretera A Leganés;Marqués de Vadillo;Glorieta Marqués de Vadillo nº 9
Instalación Deportiva Municipal Básica Los Rosales I;Instalación deportiva;Avenida Los Rosales 131;Embajadores 191;Calle Sodio nº 1B
Instalación Deportiva Municipal Básica Lucano;Instalación deportiva;Calle Lucano  C/V Esfinge;Gutierre de Cetina;Calle Gutierre de Cetina nº 77
Instalación Deportiva Municipal Básica Luis Buitrago;Instalación deportiva;Calle Luis Buitrago 7Y11;Pío XII;Avenida Pío XII nº 3
Instalación Deportiva Municipal Básica Luis Mitjans;Instalación deportiva;Calle Luis Mitjans 15;Valderribas;Calle Doctor Esquerdo nº 191
Instalación Deportiva Municipal Básica Lyon - Flandes;Instalación deportiva;Calle Lyon 136 (C/V Calle Flandes, 4 Posterior);Pavones;Calle Hacienda de Pavones nº 342
Instalación Deportiva Municipal Básica Machupichu;Instalación deportiva;Avenida Machupichu 50;Carlota O’Neill;Calle Carlota O'Neill nº 32
Instalación Deportiva Municipal Básica Madrid - Las Tablas;Instalación deportiva;Calle Fromista 5;Pedro Rico;Calle Pedro Rico nº 4
Instalación Deportiva Municipal Básica Madrid Sur;Instalación deportiva;Calle Puerto De Velate 18;Concordia;Calle Arroyo del Olivar nº 6
Instalación Deportiva Municipal Básica Mallorca;Instalación deportiva;Calle Agastia  Esq. Juan Pérez De Zúñiga;Carlota O’Neill;Calle Carlota O'Neill nº 32
Instalación Deportiva Municipal Básica Manizales;Instalación deportiva;Calle Galapa 10 C/V Avda. Manizales;Carlota O’Neill;Calle Carlota O'Neill nº 32
Instalación Deportiva Municipal Básica Mar de Japón;Instalación deportiva;Calle Mar Del Japon 7;Carlota O’Neill;Calle Carlota O'Neill nº 32
Instalación Deportiva Municipal Básica Maracena;Instalación deportiva;Calle Maracena 1 C/V Moreja -Orcasur-;Glorieta de Cádiz;Calle Antonio López nº 129
Instalación Deportiva Municipal Básica Maris Stella;Instalación deportiva;Calle Doctor Tolosa Latour 18 Frente C. Informat. S.S.;Glorieta de Cádiz;Calle Antonio López nº 129
Instalación Deportiva Municipal Básica Martala I;Instalación deportiva;Calle Pico De Los Artilleros 5 Posterior;Marroquina;Calle Camino de los Vinateros nº 108
Instalación Deportiva Municipal Básica Maruja Mallo;Instalación deportiva;Avenida Maruja Mallo 7 C/V Conchita Montes;Carlota O’Neill;Calle Carlota O'Neill nº 32
Instalación Deportiva Municipal Básica María Inmaculada;Instalación deportiva;Camino Cruces  Frente Condesa De Teba;Caramuel;Calle Caramuel nº 51
Instalación Deportiva Municipal Básica María de Austria;Instalación deportiva;Parque Emperatriz María De Austria  Parque Sur;Marqués de Vadillo;Glorieta Marqués de Vadillo nº 9
Instalación Deportiva Municipal Básica María de Villota;Instalación deportiva;Calle Estefanita 3;Embajadores 191;Calle Sodio nº 1B
Instalación Deportiva Municipal Básica Matilde Gayo;Instalación deportiva;Calle Matilde Gayo 4;Antonio López;Calle Eugenio Caxes frente al nº 12
Instalación Deportiva Municipal Básica Maíz;Instalación deportiva;Calle Ricardo Beltran Y Rozpide 28 Frente Calle Maíz;Glorieta de Cádiz;Calle Antonio López nº 129
Instalación Deportiva Municipal Básica Medio Amposta;Instalación deportiva;Calle Alberique  C/V Alconera;Gutierre de Cetina;Calle Gutierre de Cetina nº 77
Instalación Deportiva Municipal Básica Mercedes Arteaga;Instalación deportiva;Calle Mercedes Arteaga S/N C/V San Pantaleón;Marqués de Vadillo;Glorieta Marqués de Vadillo nº 9
Instalación Deportiva Municipal Básica Miguel Aracil;Instalación deportiva;Calle Joaquin Lorenzo 39;Facultad Derecho;Avenida Complutense nº 23
Instalación Deportiva Municipal Básica Miguel Hernández;Instalación deportiva;Avenida Miguel Hernandez S/N Frente Al 36-38;Pavones;Calle Hacienda de Pavones nº 342
Instalación Deportiva Municipal Básica Miguel Riesco;Instalación deportiva;Calle Miguel Riesco 7;Carlota O’Neill;Calle Carlota O'Neill nº 32
Instalación Deportiva Municipal Básica Miguel Riesco - Ramón Power;Instalación deportiva;Calle Miguel Riesco 1;Carlota O’Neill;Calle Carlota O'Neill nº 32
Instalación Deportiva Municipal Básica Miguel Yuste;Instalación deportiva;Calle Miguel Yuste  C/V Emilio Muñoz;Gutierre de Cetina;Calle Gutierre de Cetina nº 77
Instalación Deportiva Municipal Básica Minaya;Instalación deportiva;Calle Minaya 5;Carlota O’Neill;Calle Carlota O'Neill nº 32
Instalación Deportiva Municipal Básica Mirador de la Reina (Cerro Minguete);Instalación deportiva;Calle Mirador De La Reina 2 C/V Cerro Minguete;Francos Rodríguez;Calle Francos Rodríguez nº 62
Instalación Deportiva Municipal Básica Mirasierra;Instalación deportiva;Calle Nuria 83;Pedro Rico;Calle Pedro Rico nº 4
Instalación Deportiva Municipal Básica Molino;Instalación deportiva;Paseo Molino 2;Legazpi;Calle Bolívar nº 3
Instalación Deportiva Municipal Básica Mondariz;Instalación deportiva;Plaza Mondariz 1;Pedro Rico;Calle Pedro Rico nº 4
Instalación Deportiva Municipal Básica Monovar;Instalación deportiva;Calle Monovar 3;Pío XII;Avenida Pío XII nº 3
Instalación Deportiva Municipal Básica Montalbos;Instalación deportiva;Calle Montalbos 14;Carlota O’Neill;Calle Carlota O'Neill nº 32
Instalación Deportiva Municipal Básica Montecarmelo;Instalación deportiva;Calle Monasterio De El Paular 138;Pedro Rico;Calle Pedro Rico nº 4
Instalación Deportiva Municipal Básica Montecarmelo McDonald´s;Instalación deportiva;Avenida Montecarmelo 1;Pedro Rico;Calle Pedro Rico nº 4
Instalación Deportiva Municipal Básica Mozart;Instalación deportiva;Calle Mozart S/N;Paseo de la Florida;Paseo de la Florida nº 8
Instalación Deportiva Municipal Básica Mártires Maristas;Instalación deportiva;Avenida Martires Maristas 2 C/V Antonio Machado;Francos Rodríguez;Calle Francos Rodríguez nº 62
Instalación Deportiva Municipal Básica Nevado de Cumbal;Instalación deportiva;Calle Nevado Del Cumbal 4;Carlota O’Neill;Calle Carlota O'Neill nº 32
Instalación Deportiva Municipal Básica Nicolasa Gómez;Instalación deportiva;Calle Nicolasa Gomez 1;Gutierre de Cetina;Calle Gutierre de Cetina nº 77
Instalación Deportiva Municipal Básica Novecento;Instalación deportiva;Calle Novecento 6;Concordia;Calle Arroyo del Olivar nº 6
Instalación Deportiva Municipal Básica Nuestra Señora de Loreto;Instalación deportiva;Calle Timon 16;Carlota O’Neill;Calle Carlota O'Neill nº 32
Instalación Deportiva Municipal Básica Nuestra Señora de la Paloma;Instalación deportiva;Carrera San Francisco 4;Plaza de los Carros;Carrera de San Francisco nº 1
Instalación Deportiva Municipal Básica Nueva Esperanza;Instalación deportiva;Calle Anoeta 1;Embajadores 191;Calle Sodio nº 1B
Instalación Deportiva Municipal Básica Ontanilla;Instalación deportiva;Avenida Los Poblados  C/V Ontanilla;Marqués de Vadillo;Glorieta Marqués de Vadillo nº 9
Instalación Deportiva Municipal Básica Orcasur;Instalación deportiva;Avenida Orcasur 53;Glorieta de Cádiz;Calle Antonio López nº 129
Instalación Deportiva Municipal Básica Orión-Jupiter;Instalación deportiva;Calle Orion 52;Carlota O’Neill;Calle Carlota O'Neill nº 32
Instalación Deportiva Municipal Básica Oscar y Jesús;Instalación deportiva;Calle Soledad Cazorla 22;Caramuel;Calle Caramuel nº 51
Instalación Deportiva Municipal Básica Oyarzun;Instalación deportiva;Plaza Oyarzun 1;Glorieta de Cádiz;Calle Antonio López nº 129
Instalación Deportiva Municipal Básica P.A.R. Antonio López;Instalación deportiva;Calle Antonio Lopez 27;Marqués de Vadillo;Glorieta Marqués de Vadillo nº 9
Instalación Deportiva Municipal Básica P.A.R. Avda. Marqués de Corbera;Instalación deportiva;Avenida Marques De Corbera 62;Marqués de Corbera 52;Avenida Marqués de Corbera nº 52
Instalación Deportiva Municipal Básica P.A.R. Ramón Gómez de la Serna;Instalación deportiva;Calle Ramon Gomez De La Serna 49;Francos Rodríguez;Calle Francos Rodríguez nº 62
Instalación Deportiva Municipal Básica PAR Manuel Noya;Instalación deportiva;Calle Manuel Noya 2 Junto Puente Los Capuchinos;San Delfín;Calle San Delfín nº 9
Instalación Deportiva Municipal Básica PAR Rafaela Ybarra;Instalación deportiva;Avenida Rafaela Ybarra 51;Glorieta de Cádiz;Calle Antonio López nº 129
Instalación Deportiva Municipal Básica Pablo Casals;Instalación deportiva;Paseo Ermita Del Santo 10;Puerta del Ángel;Plaza Puerta del Ángel nº 4
Instalación Deportiva Municipal Básica Padre Claret;Instalación deportiva;Calle Padre Claret 18;Corazón de María;Calle Santa Hortensia nº 31
Instalación Deportiva Municipal Básica Padre Damián;Instalación deportiva;Calle Padre Damian 26;Alberto Alcocer;Avenida de Alberto Alcocer nº 22
Instalación Deportiva Municipal Básica Palomeras Bajas;Instalación deportiva;Calle Puerto De Balbaran S/N;Concordia;Calle Arroyo del Olivar nº 6
Instalación Deportiva Municipal Básica Parque Adelfas;Instalación deportiva;Calle Martinez Corrochano Esquina  Con Calle Luis Mitjans 26;Conde de Casal;Plaza del Conde de Casal nº 8
Instalación Deportiva Municipal Básica Parque Agustín Rodríguez Sahagún I;Instalación deportiva;Paseo Capitan Blanco Argibay S/N Parque A. Rodríguez Sahagún;Francos Rodríguez;Calle Francos Rodríguez nº 62
Instalación Deportiva Municipal Básica Parque Agustín Rodríguez Sahagún II;Instalación deportiva;Calle Sinesio Delgado 30;Torre Cepsa;Calle Sinesio Delgado nº 2
Instalación Deportiva Municipal Básica Parque Alfredo Kraus;Instalación deportiva;Calle Mar Adriatico 7;Carlota O’Neill;Calle Carlota O'Neill nº 32
Instalación Deportiva Municipal Básica Parque Aluche;Instalación deportiva;Calle Valmojado 4;Caramuel;Calle Caramuel nº 51
Instalación Deportiva Municipal Básica Parque Arroyo Fresno;Instalación deportiva;Avenida Ventisquero De La Condesa 43;Pedro Rico;Calle Pedro Rico nº 4
Instalación Deportiva Municipal Básica Parque Arroyo Pozuelo I;Instalación deportiva;Calle Arroyo De Pozuelo 10;Facultad Derecho;Avenida Complutense nº 23
Instalación Deportiva Municipal Básica Parque Boadilla;Instalación deportiva;Carretera Boadilla Del Monte 1;Caramuel;Calle Caramuel nº 51
Instalación Deportiva Municipal Básica Parque Breogán;Instalación deportiva;Avenida Brasilia 2;Avenida Brasilia;Avenida de Brasilia frente al nº 9
Instalación Deportiva Municipal Básica Parque Calle Onil;Instalación deportiva;Calle Navia 12 C/V Luis Chamizo;Caramuel;Calle Caramuel nº 51
Instalación Deportiva Municipal Básica Parque Caramuel;Instalación deportiva;Calle Sepulveda S/N;Caramuel;Calle Caramuel nº 51
Instalación Deportiva Municipal Básica Parque Cedral;Instalación deportiva;Calle Rodriguez Illanes S/N Esq. Arturo Soria, 233;Pío XII;Avenida Pío XII nº 3
Instalación Deportiva Municipal Básica Parque Cerro Almodovar;Instalación deportiva;Parque Cerro Almodovar ;Caramuel;Calle Caramuel nº 51
Instalación Deportiva Municipal Básica Parque Cerro Almodóvar;Instalación deportiva;Calle Cerro De Almodovar 9;Pavones;Calle Hacienda de Pavones nº 342
Instalación Deportiva Municipal Básica Parque Cuña Verde;Instalación deportiva;Avenida Daroca 300;Pavones;Calle Hacienda de Pavones nº 342
Instalación Deportiva Municipal Básica Parque Darwin;Instalación deportiva;Avenida Moratalaz 93;Plaza del Encuentro;Calle Arroyo de las Pilillas nº 6
Instalación Deportiva Municipal Básica Parque Deportivo Doctor García Tapia 1;Instalación deportiva;Calle Carmen Amaya 3 Posterior;Camino Vinateros;Calle Camino de los Vinateros nº 28
Instalación Deportiva Municipal Básica Parque Deportivo Doctor García Tapia 2;Instalación deportiva;Calle Carmen Amaya 1 Posterior;Camino Vinateros;Calle Camino de los Vinateros nº 28
Instalación Deportiva Municipal Básica Parque Doña Guiomar I - Sporting de Hortaleza;Instalación deportiva;Calle Monovar 8;Pío XII;Avenida Pío XII nº 3
Instalación Deportiva Municipal Básica Parque Doña Guiomar II;Instalación deportiva;Carretera Estacion De Hortaleza 7;Pío XII;Avenida Pío XII nº 3
Instalación Deportiva Municipal Básica Parque Doña Guiomar III;Instalación deportiva;Calle Monóvar 4;Pío XII;Avenida Pío XII nº 3
Instalación Deportiva Municipal Básica Parque El Calero;Instalación deportiva;Calle Virgen De Nuria S/N;Avenida Donostiarra;Calle Virgen de la Alegría nº 18
Instalación Deportiva Municipal Básica Parque Estafeta;Instalación deportiva;Calle Estafeta 4;Embajadores 191;Calle Sodio nº 1B
Instalación Deportiva Municipal Básica Parque Eugenia de Montijo;Instalación deportiva;Calle Parque Eugenia De Montijo S/N;Caramuel;Calle Caramuel nº 51
Instalación Deportiva Municipal Básica Parque Gabriela Mistral;Instalación deportiva;Calle Rosalia De Castro 69;Facultad Derecho;Avenida Complutense nº 23
Instalación Deportiva Municipal Básica Parque General García Escámez;Instalación deportiva;Calle Anselmo Lorenzo  Jardines Gral. García Escámez;Caramuel;Calle Caramuel nº 51
Instalación Deportiva Municipal Básica Parque Huerta de la Salud;Instalación deportiva;Calle Mar De Las Antillas 10;Carlota O’Neill;Calle Carlota O'Neill nº 32
Instalación Deportiva Municipal Básica Parque Huerta del Obispo;Instalación deportiva;Calle Juan Peñalver 34 C/V Calle Palomares;Glorieta de Cádiz;Calle Antonio López nº 129
Instalación Deportiva Municipal Básica Parque La Viña;Instalación deportiva;Calle Concejo De Teverga 2;Méndez Álvaro;Calle Retama nº 5
Instalación Deportiva Municipal Básica Parque Luis Buñuel;Instalación deportiva;Calle Luis Buñuel 38;Pavones;Calle Hacienda de Pavones nº 342
Instalación Deportiva Municipal Básica Parque Madrid Sur;Instalación deportiva;Calle La Diligencia 5 Parque Madrid Sur;Concordia;Calle Arroyo del Olivar nº 6
Instalación Deportiva Municipal Básica Parque Manoteras - Vélez Rubio;Instalación deportiva;Inst. Deportiva Basica Bacares 20;Chamartín;Calle Rodríguez Jaén nº 40
Instalación Deportiva Municipal Básica Parque Manuel Azaña;Instalación deportiva;Calle Virgen De La Paz 7 Y 9;Puente de Ventas;Avenida de Daroca nº 2
Instalación Deportiva Municipal Básica Parque Marchamalo;Instalación deportiva;Parque Marchamalo ;Plaza del Encuentro;Calle Arroyo de las Pilillas nº 6
Instalación Deportiva Municipal Básica Parque Martala I;Instalación deportiva;Calle Pico De Los Artilleros 5;Marroquina;Calle Camino de los Vinateros nº 108
Instalación Deportiva Municipal Básica Parque Martala II;Instalación deportiva;Calle Pico De Los Artilleros 21 Posterior;Marroquina;Calle Camino de los Vinateros nº 108
Instalación Deportiva Municipal Básica Parque Meseta;Instalación deportiva;Ronda Cooperativas 6;Glorieta de Cádiz;Calle Antonio López nº 129
Instalación Deportiva Municipal Básica Parque Norte;Instalación deportiva;Calle Arzobispo Morcillo 9 C/V Frómista;Manuel Caldeiro;Paseo de la Castellana nº 298
Instalación Deportiva Municipal Básica Parque Olof Palme;Instalación deportiva;Calle Cerecinos 4 Parque Olof Palme;San Delfín;Calle San Delfín nº 9
Instalación Deportiva Municipal Básica Parque Plata y Castañar;Instalación deportiva;Paseo Los Ferroviarios S/N;Glorieta de Cádiz;Calle Antonio López nº 129
Instalación Deportiva Municipal Básica Parque Pradolongo;Instalación deportiva;Parque Pradolongo  Rafaela Ybarra, Cristo De La Victoria, Los Poblados;Glorieta de Cádiz;Calle Antonio López nº 129
Instalación Deportiva Municipal Básica Parque Rafael Finat;Instalación deportiva;Calle Damasquillo S/N;Caramuel;Calle Caramuel nº 51
Instalación Deportiva Municipal Básica Parque San Blas;Instalación deportiva;Calle Albaida S/N Avda. Arcentales, Alberique Y Ajofrín;Gutierre de Cetina;Calle Gutierre de Cetina nº 77
Instalación Deportiva Municipal Básica Parque San Luciano;Instalación deportiva;Calle San Luciano 12;Glorieta de Cádiz;Calle Antonio López nº 129
Instalación Deportiva Municipal Básica Parque Santa Adela;Instalación deportiva;Calle Santa Adela 14;Pío XII;Avenida Pío XII nº 3
Instalación Deportiva Municipal Básica Parque Sector Surbatán;Instalación deportiva;Calle Sepulveda 99;Caramuel;Calle Caramuel nº 51
Instalación Deportiva Municipal Básica Parque Supermanzana 7;Instalación deportiva;Calle Fermin Caballero 25;Pedro Rico;Calle Pedro Rico nº 4
Instalación Deportiva Municipal Básica Parque Tanatorio (Salvador Madariaga);Instalación deportiva;Calle Salvador De Madariaga ;Derechos Humanos;Calle Derechos Humanos nº 12
Instalación Deportiva Municipal Básica Parque Z;Instalación deportiva;Calle Marroquina 88 Posterior - Parque De Moratalaz;Marroquina;Calle Camino de los Vinateros nº 108
Instalación Deportiva Municipal Básica Parque de Atenas;Instalación deportiva;Paseo Virgen Del Puerto 3;Segovia 45;Calle Segovia nº 45
Instalación Deportiva Municipal Básica Parque de Berlín;Instalación deportiva;Calle Marcenado 49;Parque Berlín;Avenida de Concha Espina nº 34
Instalación Deportiva Municipal Básica Parque de Comillas;Instalación deportiva;Calle Antonio De Leyva 35;Marqués de Vadillo;Glorieta Marqués de Vadillo nº 9
Instalación Deportiva Municipal Básica Parque de Roma I;Instalación deportiva;Calle Juan Esplandiu 4;Parque Roma;Calle Alcalde Sáinz de Baranda frente al nº 107
Instalación Deportiva Municipal Básica Parque de Roma III;Instalación deportiva;Calle Alcalde Sainz De Baranda 90;Parque Roma;Calle Alcalde Sáinz de Baranda frente al nº 107
Instalación Deportiva Municipal Básica Parque de San Isidro - Gorrión;Instalación deportiva;Calle Gorrion 36;Ermita Santo;Paseo de la Ermita del Santo nº 48
Instalación Deportiva Municipal Básica Parque de San Isidro - Vicente Quesada;Instalación deportiva;Calle Vicente Quesada Parque De San Isidro;Ermita Santo;Paseo de la Ermita del Santo nº 48
Instalación Deportiva Municipal Básica Parque de Skateboard Ignacio Echeverría;Instalación deportiva;Paseo Chopera 4;Entrada Matadero;Paseo de la Chopera nº 14
Instalación Deportiva Municipal Básica Parque de Villa Rosa;Instalación deportiva;Calle El Pedernoso 19;Carlota O’Neill;Calle Carlota O'Neill nº 32
Instalación Deportiva Municipal Básica Parque de la Alcazaba;Instalación deportiva;Avenida El Ferrol 1;Remonta;Calle Azucenas nº 1
Instalación Deportiva Municipal Básica Parque de la Cornisa;Instalación deportiva;Calle Rosario 5;Plaza de San Francisco;Plaza de San Francisco nº 5
Instalación Deportiva Municipal Básica Parque de la Ventilla;Instalación deportiva;Calle Via Limite 101;Torre Cepsa;Calle Sinesio Delgado nº 2
Instalación Deportiva Municipal Básica Parque de la Vicalvarada;Instalación deportiva;Calle Vereda Del Pinar 1;Pavones;Calle Hacienda de Pavones nº 342
Instalación Deportiva Municipal Básica Parque de las Cruces;Instalación deportiva;Avenida Poblados S/N;Caramuel;Calle Caramuel nº 51
Instalación Deportiva Municipal Básica Parque de las Cruces I;Instalación deportiva;Calle Rompedizo 15;Caramuel;Calle Caramuel nº 51
Instalación Deportiva Municipal Básica Parque de las Cruces II;Instalación deportiva;Calle Vidauba 3;Caramuel;Calle Caramuel nº 51
Instalación Deportiva Municipal Básica Parque de los Carneros;Instalación deportiva;Calle Baja De La Iglesia 36 Frente A La Iglesia;Facultad Derecho;Avenida Complutense nº 23
Instalación Deportiva Municipal Básica Parque del Cementerio;Instalación deportiva;Calle Barbara De Braganza 15;Plaza de las Salesas;Plaza de las Salesas 7
Instalación Deportiva Municipal Básica Parque del Oeste;Instalación deportiva;Paseo Camoens S/N;Paseo de Moret;Paseo de Moret nº 11
Instalación Deportiva Municipal Básica Parque la Milanera (La Coma);Instalación deportiva;Calle Ramon Gomez De La Serna 22;Francos Rodríguez;Calle Francos Rodríguez nº 62
Instalación Deportiva Municipal Básica Paseo del Polideportivo;Instalación deportiva;Calle Vivero De La Pilarica 3;Pavones;Calle Hacienda de Pavones nº 342
Instalación Deportiva Municipal Básica Patrimonio Humanidad;Instalación deportiva;Calle Patrimonio De La Humanidad  Frente Al Número 15. Parc. 3.12.3 Del P.A.U. De Carabanchel;Marqués de Vadillo;Glorieta Marqués de Vadillo nº 9
Instalación Deportiva Municipal Básica Peonías - José Miguel Vicens;Instalación deportiva;Calle Peonias 2;Gutierre de Cetina;Calle Gutierre de Cetina nº 77
Instalación Deportiva Municipal Básica Piedrahíta;Instalación deportiva;Calle Piedrahita  C/V Real Madrid, 36;Marqués de Vadillo;Glorieta Marqués de Vadillo nº 9
Instalación Deportiva Municipal Básica Pinar de la Elipa;Instalación deportiva;Calle Jose Luis De Arrese S/N;Marqués de Corbera 12;Avenida Marqués de Corbera nº 12
Instalación Deportiva Municipal Básica Pinos de Osuna;Instalación deportiva;Calle Pinos De Osuna 1;Gutierre de Cetina;Calle Gutierre de Cetina nº 77
Instalación Deportiva Municipal Básica Pirineos;Instalación deportiva;Calle Pirineos S/N Frente A Francisco De Diego;Francos Rodríguez;Calle Francos Rodríguez nº 62
Instalación Deportiva Municipal Básica Pista Deportiva P.A.R. La Alcazaba;Instalación deportiva;Inst. Deportiva Basica Sinesio Delgado 26;Francos Rodríguez;Calle Francos Rodríguez nº 62
Instalación Deportiva Municipal Básica Pista Deportiva Palas del Rey;Instalación deportiva;Calle Palas De Rey S/N C/V Frómista;Manuel Caldeiro;Paseo de la Castellana nº 298
Instalación Deportiva Municipal Básica Pista Deportiva Parque Miguel Aracil;Instalación deportiva;Calle Joaquin Lorenzo 39;Facultad Derecho;Avenida Complutense nº 23
Instalación Deportiva Municipal Básica Pista Deportiva Parque de Begoña;Instalación deportiva;Avenida Llano Castellano 1;Manuel Caldeiro;Paseo de la Castellana nº 298
Instalación Deportiva Municipal Básica Pista P.A.R. Moralzarzal;Instalación deportiva;Calle Moralzarzal 88;Pedro Rico;Calle Pedro Rico nº 4
Instalación Deportiva Municipal Básica Pista de Patinaje Anfevi;Instalación deportiva;Calle Hacienda De Pavones 127;Pavones;Calle Hacienda de Pavones nº 342
Instalación Deportiva Municipal Básica Pista de Patinaje Avenida Niza;Instalación deportiva;Avenida Niza S/N C/V Travesía De Carlos Ii;Gutierre de Cetina;Calle Gutierre de Cetina nº 77
Instalación Deportiva Municipal Básica Pista de Petanca Centro de Mayores La Vaguada;Instalación deportiva;Avenida Monforte De Lemos 36;Remonta;Calle Azucenas nº 1
Instalación Deportiva Municipal Básica Pista de Petanca Parque Fuencarral;Instalación deportiva;Calle Afueras A Valverde 2;Pedro Rico;Calle Pedro Rico nº 4
Instalación Deportiva Municipal Básica Pista de Petanca de Islas Jarvi;Instalación deportiva;Calle Castiello De Jaca 3;Manuel Caldeiro;Paseo de la Castellana nº 298
Instalación Deportiva Municipal Básica Pista de Skate;Instalación deportiva;Calle Capitan Blanco Argibay S/N;Francos Rodríguez;Calle Francos Rodríguez nº 62
Instalación Deportiva Municipal Básica Pistas de Petanca Dehesa de la Villa;Instalación deportiva;Calle Francos Rodriguez 1;Estrecho;Calle Navarra nº 1
Instalación Deportiva Municipal Básica Plan Parcial;Instalación deportiva;Calle Plan Parcial 3;Glorieta de Cádiz;Calle Antonio López nº 129
Instalación Deportiva Municipal Básica Plaza Arturo Barea;Instalación deportiva;Plaza Arturo Barea ;Segovia 26;Calle Segovia nº 26
Instalación Deportiva Municipal Básica Plaza Colonia Oroquieta;Instalación deportiva;Carretera Andalucia S/N C/V Carretera Villaverde A Vallecas;Embajadores 191;Calle Sodio nº 1B
Instalación Deportiva Municipal Básica Plaza Fonsagrada;Instalación deportiva;Plaza Fonsagrada 6;Remonta;Calle Azucenas nº 1
Instalación Deportiva Municipal Básica Plaza Munguía;Instalación deportiva;Plaza Munguia 1 Poblado Dirigido Orcasitas;Glorieta de Cádiz;Calle Antonio López nº 129
Instalación Deportiva Municipal Básica Plaza Vallandes;Instalación deportiva;Calle Calesas 4;Antonio López;Calle Eugenio Caxes frente al nº 12
Instalación Deportiva Municipal Básica Plaza de Arteijo;Instalación deportiva;Plaza Arteijo 10;Remonta;Calle Azucenas nº 1
Instalación Deportiva Municipal Básica Plaza de Bami - Benidorm;Instalación deportiva;Calle Jose Villena  Esq. Benidorm - Plaza De Bami;Puente de Ventas;Avenida de Daroca nº 2
Instalación Deportiva Municipal Básica Plaza de María Soledad Torres Acosta;Instalación deportiva;Plaza María Soledad Torres Acosta ;Segovia 26;Calle Segovia nº 26
Instalación Deportiva Municipal Básica Plaza de Sestao;Instalación deportiva;Plaza Sestao 1;Glorieta de Cádiz;Calle Antonio López nº 129
Instalación Deportiva Municipal Básica Plaza de la Orotava;Instalación deportiva;Plaza La Orotava 1;Gutierre de Cetina;Calle Gutierre de Cetina nº 77
Instalación Deportiva Municipal Básica Plaza del Campillo de Mundo Nuevo;Instalación deportiva;Plaza Campillo Del Mundo Nuevo ;Segovia 26;Calle Segovia nº 26
Instalación Deportiva Municipal Básica Poblado Dirigido La Elipa;Instalación deportiva;Calle Jose Luis De Arrese S/N;Marqués de Corbera 12;Avenida Marqués de Corbera nº 12
Instalación Deportiva Municipal Básica Pobladura del Valle;Instalación deportiva;Calle Pobladura Del Valle S/N C/V Amposta;Gutierre de Cetina;Calle Gutierre de Cetina nº 77
Instalación Deportiva Municipal Básica Poeta Esteban Villegas;Instalación deportiva;Calle Poeta Esteban De Villegas 4;Puerta de Granada;Avenida de Menéndez Pelayo nº 38
Instalación Deportiva Municipal Básica Polígono 20;Instalación deportiva;Calle Padre Claret 18;Corazón de María;Calle Santa Hortensia nº 31
Instalación Deportiva Municipal Básica Polígono de las Rosas;Instalación deportiva;Calle Helsinki 8 C/V Oslo;Gutierre de Cetina;Calle Gutierre de Cetina nº 77
Instalación Deportiva Municipal Básica Polígono de África;Instalación deportiva;Calle Villaescusa 56;Gutierre de Cetina;Calle Gutierre de Cetina nº 77
Instalación Deportiva Municipal Básica Pradillo;Instalación deportiva;Calle Pradillo 23;Prosperidad;Calle Suero de Quiñones nº 2
Instalación Deportiva Municipal Básica Pradillo - Santa Marca;Instalación deportiva;Calle Pradillo 23;Prosperidad;Calle Suero de Quiñones nº 2
Instalación Deportiva Municipal Básica Prosperidad;Instalación deportiva;Calle Pradillo 25;Prosperidad;Calle Suero de Quiñones nº 2
Instalación Deportiva Municipal Básica Pueblo Nuevo II;Instalación deportiva;Calle Ascao  Esq. Luis Ruiz;Gutierre de Cetina;Calle Gutierre de Cetina nº 77
Instalación Deportiva Municipal Básica Puente Ventas;Instalación deportiva;Calle Virgen De La Paz 7 Y 9;Puente de Ventas;Avenida de Daroca nº 2
Instalación Deportiva Municipal Básica Puerto Balbarán;Instalación deportiva;Calle Puerto De Balbaran 4 Y 6 Avda. Palomeras Bajas, 10;Concordia;Calle Arroyo del Olivar nº 6
Instalación Deportiva Municipal Básica Puerto Corlite;Instalación deportiva;Calle Puerto De Corlite 8;Concordia;Calle Arroyo del Olivar nº 6
Instalación Deportiva Municipal Básica Puerto Costabona;Instalación deportiva;Calle Puerto De Costabona 7;Concordia;Calle Arroyo del Olivar nº 6
Instalación Deportiva Municipal Básica Puerto Costabona Tenis;Instalación deportiva;Calle Puerto De Velate 18;Concordia;Calle Arroyo del Olivar nº 6
Instalación Deportiva Municipal Básica Puerto Lumbreras;Instalación deportiva;Calle Puerto De Lumbreras S/N;Pavones;Calle Hacienda de Pavones nº 342
Instalación Deportiva Municipal Básica Puerto Monasterio;Instalación deportiva;Calle Puerto Del Monasterio 17;Concordia;Calle Arroyo del Olivar nº 6
Instalación Deportiva Municipal Básica Puerto Rico;Instalación deportiva;Calle Puerto Rico 54 C/V Guatemala;Colombia;Calle Colombia nº 7
Instalación Deportiva Municipal Básica Puerto Velate;Instalación deportiva;Calle Puerto De Velate 9;Concordia;Calle Arroyo del Olivar nº 6
Instalación Deportiva Municipal Básica Puerto de Béjar;Instalación deportiva;Calle Puerto De Bejar 7;Embajadores 191;Calle Sodio nº 1B
Instalación Deportiva Municipal Básica Puerto de Costabona;Instalación deportiva;Calle Puerto De Costabona 7;Concordia;Calle Arroyo del Olivar nº 6
Instalación Deportiva Municipal Básica Pádel - Madrid Las Tablas;Instalación deportiva;Avenida Camino De Santiago 25;Manuel Caldeiro;Paseo de la Castellana nº 298
Instalación Deportiva Municipal Básica Quinta de Los Molinos I;Instalación deportiva;Calle Alcala 535, C/V Avenida 25 Septiembre;Gutierre de Cetina;Calle Gutierre de Cetina nº 77
Instalación Deportiva Municipal Básica Quinta de Los Molinos II;Instalación deportiva;Calle Iquitos 1C/Vcallealcalá,535;Gutierre de Cetina;Calle Gutierre de Cetina nº 77
Instalación Deportiva Municipal Básica Ramírez de Prado;Instalación deportiva;Calle Ramirez De Prado 2;Juan Martín;Calle Juan Martín el Empecinado nº 16
Instalación Deportiva Municipal Básica Ramón Gómez de la Serna;Instalación deportiva;Calle Ramon Gomez De La Serna 22 C/V Valle De Pinares Llanos Y Riscos De Polanco;Francos Rodríguez;Calle Francos Rodríguez nº 62
Instalación Deportiva Municipal Básica Ramón Power;Instalación deportiva;Calle Miguel Riesco 7;Carlota O’Neill;Calle Carlota O'Neill nº 32
Instalación Deportiva Municipal Básica Ramón Pérez de Ayala;Instalación deportiva;Calle Ramon Perez De Ayala 80;Plaza del Encuentro;Calle Arroyo de las Pilillas nº 6
Instalación Deportiva Municipal Básica Rancho del Cordobés;Instalación deportiva;Calle Eduardo Barreiros 19 C/V Pinsapo, 3;Glorieta de Cádiz;Calle Antonio López nº 129
Instalación Deportiva Municipal Básica Recinto Ferial San Antonio de la Florida;Instalación deportiva;Glorieta San Antonio De La Florida S/N En El Recinto Ferial;Paseo de la Florida;Paseo de la Florida nº 8
Instalación Deportiva Municipal Básica Ricardo Damas;Instalación deportiva;Calle Ricardo Damas 4;Embajadores 191;Calle Sodio nº 1B
Instalación Deportiva Municipal Básica Ronda Sur;Instalación deportiva;Ronda Sur 231 C/V Barros;Concordia;Calle Arroyo del Olivar nº 6
Instalación Deportiva Municipal Básica Rosa Jardón;Instalación deportiva;Calle Rosa Jardon 11;Pío XII;Avenida Pío XII nº 3
Instalación Deportiva Municipal Básica San Anselmo;Instalación deportiva;Calle San Anselmo 22 C/V Cº Venta De Pájaro, 26;Concordia;Calle Arroyo del Olivar nº 6
Instalación Deportiva Municipal Básica San Aureliano;Instalación deportiva;Calle San Aureliano S/N;Glorieta de Cádiz;Calle Antonio López nº 129
Instalación Deportiva Municipal Básica San Benigno;Instalación deportiva;Calle San Benigno 3;Caramuel;Calle Caramuel nº 51
Instalación Deportiva Municipal Básica San Cristóbal de Los Ángeles II;Instalación deportiva;Calle Godella 48;Embajadores 191;Calle Sodio nº 1B
Instalación Deportiva Municipal Básica San Cristóbal de Los Ángeles III;Instalación deportiva;Calle Moncada 123;Embajadores 191;Calle Sodio nº 1B
Instalación Deportiva Municipal Básica San Juan Bautista - Cidamón;Instalación deportiva;Calle Agastia  Esq. Cidamón;Condesa de Venadito;Calle Condesa de Venadito nº 2
Instalación Deportiva Municipal Básica San Lamberto;Instalación deportiva;Calle San Lamberto 20 P.A.R.;Marqués de Corbera 52;Avenida Marqués de Corbera nº 52
Instalación Deportiva Municipal Básica San Pascual;Instalación deportiva;Calle Esteban Mora S/N Esq. Derechos Humanos;Derechos Humanos;Calle Derechos Humanos nº 12
Instalación Deportiva Municipal Básica San Pol;Instalación deportiva;Calle San Pol De Mar 7;Paseo de la Florida;Paseo de la Florida nº 8
Instalación Deportiva Municipal Básica Sanchinarro I;Instalación deportiva;Calle Infanta Catalina Micaela 33 C/V Infanta Catalina Micaela;Manuel Caldeiro;Paseo de la Castellana nº 298
Instalación Deportiva Municipal Básica Sanchinarro II;Instalación deportiva;Calle Infanta Catalina Micaela 23 C/V Infanta Catalina Micaela Y Junto C.P. Adolfo Suárez;Manuel Caldeiro;Paseo de la Castellana nº 298
Instalación Deportiva Municipal Básica Sanchinarro III;Instalación deportiva;Calle Maria Tudor 10;Manuel Caldeiro;Paseo de la Castellana nº 298
Instalación Deportiva Municipal Básica Sanchinarro IV;Instalación deportiva;Avenida Niceto Alcala Zamora 12;Manuel Caldeiro;Paseo de la Castellana nº 298
Instalación Deportiva Municipal Básica Sanchorreja;Instalación deportiva;Calle Sanchorreja 8;Caramuel;Calle Caramuel nº 51
Instalación Deportiva Municipal Básica Sangenjo;Instalación deportiva;Calle Sangenjo 42;Pedro Rico;Calle Pedro Rico nº 4
Instalación Deportiva Municipal Básica Santa Ana I;Instalación deportiva;Calle Hospitalet De Llobregat 11 C/V Travesía Hospitalet De Llobregat;Pedro Rico;Calle Pedro Rico nº 4
Instalación Deportiva Municipal Básica Santa Ana II;Instalación deportiva;Paseo Alamedillas 2;Pedro Rico;Calle Pedro Rico nº 4
Instalación Deportiva Municipal Básica Santa Hortensia;Instalación deportiva;Calle Santa Hortensia 34;Corazón de María;Calle Santa Hortensia nº 31
Instalación Deportiva Municipal Básica Santa Petronila;Instalación deportiva;Carretera Andalucia S/N Santa Petronila;Embajadores 191;Calle Sodio nº 1B
Instalación Deportiva Municipal Básica Santa Rita;Instalación deportiva;Calle Alba De Tormes 2;Marqués de Vadillo;Glorieta Marqués de Vadillo nº 9
Instalación Deportiva Municipal Básica Santa Virgilia;Instalación deportiva;Calle Santa Virgilia 17 Posterior;Carlota O’Neill;Calle Carlota O'Neill nº 32
Instalación Deportiva Municipal Básica Santuario de Valverde (Montecarmenlo);Instalación deportiva;Avenida Santuario De Valverde 41;Pedro Rico;Calle Pedro Rico nº 4
Instalación Deportiva Municipal Básica Sepúlveda;Instalación deportiva;Calle Sepulveda 220;Caramuel;Calle Caramuel nº 51
Instalación Deportiva Municipal Básica Seseña;Instalación deportiva;Calle Seseña 2 C/V Calle Valmojado, 2;Caramuel;Calle Caramuel nº 51
Instalación Deportiva Municipal Básica Sierra Elvira;Instalación deportiva;Calle Sierra Elvira 37 Posterior;Doctor Lozano;Calle Sierra Toledana nº 33
Instalación Deportiva Municipal Básica Sierra del Valle;Instalación deportiva;Calle Arroyo Del Olivar S/N C/V Sierra Del Valle;Concordia;Calle Arroyo del Olivar nº 6
Instalación Deportiva Municipal Básica Sinesio Delgado;Instalación deportiva;Calle Isla De Oza 61;Francos Rodríguez;Calle Francos Rodríguez nº 62
Instalación Deportiva Municipal Básica Soto Hidalgo;Instalación deportiva;Calle Riaño 1;Gutierre de Cetina;Calle Gutierre de Cetina nº 77
Instalación Deportiva Municipal Básica Talbot;Instalación deportiva;Calle Talbot 3;Glorieta de Cádiz;Calle Antonio López nº 129
Instalación Deportiva Municipal Básica Telémaco;Instalación deportiva;Calle Telemaco S/N;Carlota O’Neill;Calle Carlota O'Neill nº 32
Instalación Deportiva Municipal Básica Tercio Terol;Instalación deportiva;Calle Chindasvinto  C/V Tulga;Marqués de Vadillo;Glorieta Marqués de Vadillo nº 9
Instalación Deportiva Municipal Básica Torrelaguna (La Colina);Instalación deportiva;Calle Torrelaguna  Esq. Normas;Condesa de Venadito;Calle Condesa de Venadito nº 2
Instalación Deportiva Municipal Básica Torrespaña - Fuente del Berro;Instalación deportiva;Calle Nudo M-30 C/V Alcalde Sainz De Baranda 94;Quinta Fuente del Berro;Calle Sancho Dávila esquina Paseo Marqués de Zafra
Instalación Deportiva Municipal Básica Tres Olivos I Pádel;Instalación deportiva;Calle Cueva De Montesinos 27;Pedro Rico;Calle Pedro Rico nº 4
Instalación Deportiva Municipal Básica Tres Olivos II;Instalación deportiva;Avenida Campo De Calatrava 3 C/V Alonso Quijano Y Afueras A Valverde;Pedro Rico;Calle Pedro Rico nº 4
Instalación Deportiva Municipal Básica Tribaldos;Instalación deportiva;Calle Tribaldos 37 Junto A La Iglesia;Carlota O’Neill;Calle Carlota O'Neill nº 32
Instalación Deportiva Municipal Básica Tribaldos II;Instalación deportiva;Calle Tribaldos 34;Carlota O’Neill;Calle Carlota O'Neill nº 32
Instalación Deportiva Municipal Básica Trinquete;Instalación deportiva;Calle Velacho Bajo 3;Pío XII;Avenida Pío XII nº 3
Instalación Deportiva Municipal Básica UVA Pan Bendito;Instalación deportiva;Uva Pan Bendito ;Marqués de Vadillo;Glorieta Marqués de Vadillo nº 9
Instalación Deportiva Municipal Básica UVA de Vallecas;Instalación deportiva;Calle Monte De Montjuich 9 C/ Sierra Gorda;Pavones;Calle Hacienda de Pavones nº 342
Instalación Deportiva Municipal Básica Urbanización Arroyo del Santo;Instalación deportiva;Avenida Prunos 100;Carlota O’Neill;Calle Carlota O'Neill nº 32
Instalación Deportiva Municipal Básica Urbis;Instalación deportiva;Avenida Doctor Garcia Tapia 117 Esquina Avd. Moratalaz;Marroquina;Calle Camino de los Vinateros nº 108
Instalación Deportiva Municipal Básica Valdebernardo;Instalación deportiva;Calle Cordel De Pavones 9;Pavones;Calle Hacienda de Pavones nº 342
Instalación Deportiva Municipal Básica Valdelasierra;Instalación deportiva;Calle Valdelasierra 7;Madrid Río-Yeserías;Paseo de Yeserías nº 45
Instalación Deportiva Municipal Básica Valderriba;Instalación deportiva;Avenida Gran Via Del Este 14;Pavones;Calle Hacienda de Pavones nº 342
Instalación Deportiva Municipal Básica Valderromán;Instalación deportiva;Calle Valderroman 22;Francos Rodríguez;Calle Francos Rodríguez nº 62
Instalación Deportiva Municipal Básica Valdetorres;Instalación deportiva;Calle Valdetorres De Jarama 29 Estrecho Ormuz, 6;Carlota O’Neill;Calle Carlota O'Neill nº 32
Instalación Deportiva Municipal Básica Valdeyeros;Instalación deportiva;Calle Rosalia De Castro 77;Facultad Derecho;Avenida Complutense nº 23
Instalación Deportiva Municipal Básica Valle Inclán;Instalación deportiva;Calle Valle Inclán  C/V Aldeanueva De La Vera;Caramuel;Calle Caramuel nº 51
Instalación Deportiva Municipal Básica Vereda de Ganapanes;Instalación deportiva;Calle Becerrea 4 C/V Sinesio Delgado;Francos Rodríguez;Calle Francos Rodríguez nº 62
Instalación Deportiva Municipal Básica Via Lusitana;Instalación deportiva;Calle Via Lusitana 19 Parque Sur;Marqués de Vadillo;Glorieta Marqués de Vadillo nº 9
Instalación Deportiva Municipal Básica Villa de Pons - Avenida de San Luis;Instalación deportiva;Avenida San Luis 23;Pío XII;Avenida Pío XII nº 3
Instalación Deportiva Municipal Básica Villabona;Instalación deportiva;Calle Villabona 4;Glorieta de Cádiz;Calle Antonio López nº 129
Instalación Deportiva Municipal Básica Villalonso;Instalación deportiva;Calle Villalonso 8;Glorieta de Cádiz;Calle Antonio López nº 129
Instalación Deportiva Municipal Básica Virgen de la Estrella;Instalación deportiva;Plazuela Virgen De La Estrella 1;Niño Jesús;Calle Doctor Esquerdo nº 161
Instalación Deportiva Municipal Básica Virgen del Cortijo;Instalación deportiva;Calle Oña 18;Manuel Caldeiro;Paseo de la Castellana nº 298
Instalación Deportiva Municipal Básica Vital Aza;Instalación deportiva;Calle Vital Aza  Esq. Ezequiel Solana;Gutierre de Cetina;Calle Gutierre de Cetina nº 77
Instalación Deportiva Municipal Básica Yeseros;Instalación deportiva;Calle Yeseros 1 C/V Calle Maquinilla;Pavones;Calle Hacienda de Pavones nº 342
Instalación Deportiva Municipal Básica Yeserías I;Instalación deportiva;Paseo Yeserias 1;Pirámides;Calle Toledo nº 181
Instalación Deportiva Municipal Básica Zazuar;Instalación deportiva;Calle Zazuar 1 C/V Avda. Mediterráneo;Pavones;Calle Hacienda de Pavones nº 342
Instalación Deportiva Municipal Básica Zofío;Instalación deportiva;Calle Ricardo Beltran Y Rozpide 12;San Delfín;Calle San Delfín nº 9
Instalación Deportiva Municipal Básica de Ribadeo y Verín;Instalación deportiva;Plazas Interiores Entre Plaza Ribadeo 1 Y Plaza Verin;Remonta;Calle Azucenas nº 1
Instalación Deportiva Municipal Básica del Poblado Dirigido (Olesa de Montserrat);Instalación deportiva;Avenida Cardenal Herrera Oria 108;Pedro Rico;Calle Pedro Rico nº 4
Instalación Deportiva Municipal Básica paseo de la Vaguada;Instalación deportiva;Paseo Vaguada 13;Remonta;Calle Azucenas nº 1
Instalación Deportiva Municipal Básica poblado de Santa Ana;Instalación deportiva;Calle Braille 15;Pedro Rico;Calle Pedro Rico nº 4
Instalación Deportiva Municipal Canal de Remo Puente de la Princesa;Instalación deportiva;Pasarela Sur Del Puente De La Princesa ;Glorieta de Cádiz;Calle Antonio López nº 129
Instalación Deportiva Municipal Embajadores M-30;Instalación deportiva;Calle Puerto De La Cruz Verde 29;Embajadores 191;Calle Sodio nº 1B
Instalación Deportiva Municipal Nave de Terneras;Instalación deportiva;Paseo Chopera 10;Entrada Matadero;Paseo de la Chopera nº 14
Instalación Deportiva Municipal Parque Calle Vado;Instalación deportiva;Calle Antonio Lopez 189 C/V Vado;Glorieta de Cádiz;Calle Antonio López nº 129
Instalación Deportiva Municipal Parque Lineal del Manzanares Victoriano González;Instalación deportiva;Calle Embajadores 324;Embajadores 191;Calle Sodio nº 1B
Instalación Deportiva Municipal Puente de Praga;Instalación deportiva;Avenida Manzanares 176;San Delfín;Calle San Delfín nº 9
Instalación Deportiva Municipal Pádel  Marqués de Monistrol;Instalación deportiva;Calle Ribera Del Manzanares 1;Paseo de la Florida;Paseo de la Florida nº 8
Instalación Deportiva Municipal Rocódromo 'Roc 30';Instalación deportiva;Avenida Manzanares 108;Marqués de Vadillo;Glorieta Marqués de Vadillo nº 9
Parque Lineal UZI 0.06 Arroyofresno;Instalación deportiva;Calle Maria De Maeztu 1;Facultad Derecho;Avenida Complutense nº 23
Pista de Patinaje Paco de Lucía;Instalación deportiva;Auditorio Paco De Lucia ;Caramuel;Calle Caramuel nº 51
Pista de petanca Centro de Mayores La Vaguada;Instalación deportiva;Avenida Monforte De Lemos 36;Remonta;Calle Azucenas nº 1
